{
  "global": {
    "mean_confidence": 0.14840128091209687,
    "std_confidence": 0.07643991412207135,
    "detection_rate": 0.0,
    "hist": [
      0.2780487804878049,
      0.44634146341463415,
      0.23658536585365852,
      0.024390243902439025,
      0.0024390243902439024,
      0.0024390243902439024,
      0.0024390243902439024,
      0.0024390243902439024,
      0.0024390243902439024,
      0.0024390243902439024
    ],
    "set_at": 1780546598.3453312,
    "sample_size": 400
  },
  "hourly": {
    "4": {
      "hist": [
        0.2740740740740741,
        0.45185185185185184,
        0.2074074074074074,
        0.022222222222222223,
        0.007407407407407408,
        0.007407407407407408,
        0.007407407407407408,
        0.007407407407407408,
        0.007407407407407408,
        0.007407407407407408
      ],
      "mean": 0.14421421100845233,
      "n": 125
    }
  }
}